Parent Account,Child Account
Account_47,Account_48
Account_48,Account_49
Account_49,Account_37
Account_49,Account_50
Account_50,Account_51
Account_51,Account_52
Account_52,Account_28
Account_52,Account_29
Account_52,Account_30
Account_51,Account_27
Account_51,Account_26
Account_50,Account_31
Account_31,Account_137
Account_31,Account_138
Account_50,Account_40
Account_40,Account_139
Account_40,Account_140
Account_40,Account_141
Account_50,Account_20
Account_20,Account_142
Account_20,Account_143
Account_49,Account_53
Account_53,Account_54
Account_54,Account_55
Account_55,Account_36
Account_55,Account_35
Account_55,Account_33
Account_55,Account_34
Account_54,Account_42
Account_54,Account_25
Account_54,Account_19
Account_53,Account_56
Account_56,Account_32
Account_56,Account_41
Account_49,Account_57
Account_57,Account_58
Account_58,Account_45
Account_45,Account_146
Account_45,Account_147
Account_58,Account_23
Account_58,Account_149
Account_57,Account_59
Account_59,Account_150
Account_59,Account_44
Account_59,Account_43
Account_59,Account_46
Account_46,Account_151
Account_46,Account_152
Account_57,Account_153
Account_57,Account_18
Account_49,Account_39
Account_49,Account_60
Account_60,Account_154
Account_60,Account_155
Account_60,Account_156
Account_60,Account_157
Account_60,Account_158
Account_60,Account_159
Account_60,Account_160
Account_60,Account_161
Account_60,Account_162
Account_60,Account_163
Account_60,Account_164
Account_60,Account_165
Account_60,Account_166
Account_60,Account_167
Account_49,Account_61
Account_61,Account_62
Account_62,Account_63
Account_63,Account_168
Account_63,Account_169
Account_63,Account_170
Account_63,Account_171
Account_62,Account_64
Account_64,Account_172
Account_64,Account_173
Account_62,Account_65
Account_65,Account_174
Account_65,Account_175
Account_65,Account_176
Account_65,Account_177
Account_61,Account_66
Account_66,Account_67
Account_67,Account_68
Account_68,Account_69
Account_69,Account_70
Account_70,Account_178
Account_70,Account_179
Account_70,Account_180
Account_69,Account_71
Account_71,Account_181
Account_71,Account_182
Account_71,Account_183
Account_69,Account_72
Account_72,Account_184
Account_72,Account_185
Account_72,Account_186
Account_72,Account_187
Account_69,Account_73
Account_73,Account_188
Account_73,Account_189
Account_73,Account_190
Account_73,Account_191
Account_69,Account_74
Account_74,Account_192
Account_74,Account_193
Account_69,Account_194
Account_69,Account_195
Account_69,Account_196
Account_69,Account_197
Account_68,Account_75
Account_75,Account_198
Account_75,Account_199
Account_75,Account_200
Account_75,Account_201
Account_75,Account_202
Account_68,Account_203
Account_67,Account_76
Account_76,Account_204
Account_76,Account_205
Account_76,Account_206
Account_76,Account_207
Account_66,Account_208
Account_49,Account_77
Account_77,Account_209
Account_77,Account_210
Account_77,Account_211
Account_49,Account_78
Account_78,Account_212
Account_78,Account_213
Account_49,Account_22
Account_49,Account_38
Account_49,Account_24
Account_49,Account_214
Account_48,Account_215
Account_48,Account_79
Account_79,Account_37
Account_79,Account_51
Account_79,Account_31
Account_79,Account_20
Account_79,Account_55
Account_79,Account_19
Account_79,Account_32
Account_79,Account_45
Account_79,Account_59
Account_79,Account_153
Account_79,Account_18
Account_79,Account_39
Account_79,Account_22
Account_79,Account_38
Account_48,Account_80
Account_80,Account_81
Account_81,Account_82
Account_82,Account_216
Account_82,Account_217
Account_82,Account_218
Account_81,Account_83
Account_83,Account_219
Account_83,Account_220
Account_83,Account_221
Account_83,Account_222
Account_80,Account_84
Account_84,Account_85
Account_85,Account_223
Account_85,Account_224
Account_84,Account_86
Account_86,Account_225
Account_86,Account_226
Account_86,Account_227
Account_84,Account_87
Account_87,Account_228
Account_87,Account_229
Account_87,Account_230
Account_80,Account_88
Account_88,Account_231
Account_88,Account_232
Account_88,Account_233
Account_88,Account_234
Account_88,Account_235
Account_88,Account_236
Account_88,Account_237
Account_88,Account_238
Account_88,Account_239
Account_88,Account_240
Account_80,Account_241
Account_80,Account_242
Account_48,Account_89
Account_89,Account_243
Account_89,Account_244
Account_89,Account_245
Account_89,Account_246
Account_47,Account_90
Account_90,Account_91
Account_91,Account_92
Account_92,Account_93
Account_93,Account_1
Account_93,Account_3
Account_93,Account_2
Account_93,Account_5
Account_93,Account_4
Account_93,Account_8
Account_93,Account_7
Account_92,Account_94
Account_94,Account_10
Account_94,Account_11
Account_94,Account_9
Account_94,Account_6
Account_92,Account_95
Account_95,Account_21
Account_21,Account_15
Account_21,Account_16
Account_21,Account_17
Account_95,Account_14
Account_95,Account_13
Account_95,Account_12
Account_90,Account_247
Account_90,Account_96
Account_96,Account_248
Account_96,Account_249
Account_96,Account_250
Account_90,Account_97
Account_97,Account_251
Account_97,Account_252
Account_97,Account_253
Account_90,Account_98
Account_98,Account_254
Account_98,Account_255
Account_98,Account_256
Account_98,Account_257
Account_98,Account_258
Account_98,Account_259
Account_98,Account_260
Account_98,Account_261
Account_98,Account_262
Account_98,Account_263
Account_98,Account_264
Account_98,Account_265
Account_98,Account_266
Account_98,Account_267
Account_98,Account_268
Account_98,Account_269
Account_90,Account_99
Account_99,Account_270
Account_99,Account_271
Account_99,Account_272
Account_90,Account_100
Account_100,Account_273
Account_100,Account_274
Account_90,Account_101
Account_101,Account_275
Account_101,Account_276
Account_101,Account_102
Account_102,Account_103
Account_103,Account_277
Account_103,Account_278
Account_103,Account_279
Account_103,Account_280
Account_102,Account_104
Account_104,Account_281
Account_104,Account_282
Account_102,Account_105
Account_105,Account_283
Account_105,Account_284
Account_105,Account_285
Account_105,Account_286
Account_102,Account_106
Account_106,Account_287
Account_106,Account_288
Account_106,Account_289
Account_101,Account_107
Account_107,Account_108
Account_108,Account_109
Account_109,Account_290
Account_109,Account_291
Account_109,Account_292
Account_108,Account_110
Account_110,Account_293
Account_110,Account_294
Account_110,Account_295
Account_110,Account_296
Account_110,Account_297
Account_108,Account_111
Account_111,Account_298
Account_111,Account_299
Account_108,Account_112
Account_112,Account_300
Account_112,Account_301
Account_108,Account_113
Account_113,Account_302
Account_113,Account_303
Account_101,Account_114
Account_114,Account_304
Account_114,Account_305
Account_90,Account_115
Account_115,Account_306
Account_115,Account_307
Account_115,Account_308
Account_115,Account_309
Account_115,Account_310
Account_115,Account_311
Account_47,Account_116
Account_116,Account_117
Account_117,Account_312
Account_117,Account_313
Account_117,Account_314
Account_117,Account_315
Account_117,Account_316
Account_117,Account_317
Account_117,Account_318
Account_117,Account_319
Account_116,Account_118
Account_118,Account_320
Account_118,Account_321
Account_116,Account_119
Account_119,Account_322
Account_119,Account_323
Account_116,Account_120
Account_120,Account_121
Account_121,Account_324
Account_121,Account_122
Account_122,Account_325
Account_122,Account_326
Account_121,Account_123
Account_123,Account_327
Account_123,Account_328
Account_123,Account_329
Account_121,Account_124
Account_124,Account_330
Account_124,Account_331
Account_124,Account_332
Account_121,Account_125
Account_125,Account_333
Account_120,Account_126
Account_126,Account_334
Account_126,Account_127
Account_127,Account_335
Account_127,Account_336
Account_127,Account_337
Account_127,Account_128
Account_128,Account_338
Account_128,Account_339
Account_47,Account_129
Account_129,Account_130
Account_130,Account_340
Account_130,Account_341
Account_130,Account_342
Account_130,Account_343
Account_130,Account_344
Account_130,Account_345
Account_130,Account_346
Account_129,Account_131
Account_131,Account_347
Account_131,Account_348
Account_131,Account_349
Account_131,Account_350
Account_131,Account_351
Account_131,Account_352
Account_131,Account_353
Account_131,Account_354
Account_131,Account_355
Account_131,Account_356
Account_131,Account_357
Account_131,Account_358
Account_131,Account_359
Account_131,Account_360
Account_131,Account_361
Account_131,Account_362
Account_131,Account_363
Account_131,Account_364
Account_131,Account_365
Account_131,Account_366
Account_131,Account_367
Account_131,Account_368
Account_131,Account_369
Account_129,Account_132
Account_132,Account_370
Account_132,Account_371
Account_47,Account_133
Account_133,Account_135
Account_133,Account_372
Account_133,Account_134
Account_134,Account_373
Account_134,Account_374